model,threshold_source,threshold,accuracy,precision,pod_recall,far,f1_score,specificity,csi,auc,tn,fp,fn,tp
Dummy Stratified,default_0_50,0.5,0.4820846905537459,0.4014336917562724,0.42585551330798477,0.5985663082437276,0.4132841328413284,0.5242165242165242,0.26046511627906976,0.4750360187622545,184,167,151,112
Logistic Regression,default_0_50,0.5,0.7166123778501629,0.6449511400651465,0.752851711026616,0.3550488599348534,0.6947368421052632,0.6894586894586895,0.532258064516129,0.7849869465839048,242,109,65,198
Random Forest,default_0_50,0.5,0.7214983713355049,0.6678832116788321,0.6958174904942965,0.33211678832116787,0.6815642458100558,0.7407407407407407,0.5169491525423728,0.7962421327440339,260,91,80,183
