{
    "accuracy": 0.6760168302945302,
    "pod_recall": 0.6944444444444444,
    "far": 0.5238095238095238,
    "f1_score": 0.5649717514124294,
    "csi": 0.3937007874015748,
    "auc": 0.7476153215589836,
    "tn": 332,
    "fp": 165,
    "fn": 66,
    "tp": 150,
    "threshold": 0.5,
    "model": "cnn1d_w5",
    "split": "val"
}