{
    "accuracy": 0.6824104234527687,
    "pod_recall": 0.6121673003802282,
    "far": 0.3661417322834646,
    "f1_score": 0.6228239845261122,
    "csi": 0.45224719101123595,
    "auc": 0.737490927604996,
    "tn": 258,
    "fp": 93,
    "fn": 102,
    "tp": 161,
    "threshold": 0.5,
    "model": "cnn1d_w5",
    "split": "test"
}