{
    "accuracy": 0.6791530944625407,
    "pod_recall": 0.532319391634981,
    "far": 0.34579439252336447,
    "f1_score": 0.5870020964360587,
    "csi": 0.41543026706231456,
    "auc": 0.7480636530066187,
    "tn": 277,
    "fp": 74,
    "fn": 123,
    "tp": 140,
    "threshold": 0.5,
    "model": "cnn1d_w3",
    "split": "test"
}