{
    "accuracy": 0.6437587657784011,
    "pod_recall": 0.8888888888888888,
    "far": 0.5450236966824644,
    "f1_score": 0.6018808777429467,
    "auc": 0.7859657947686117,
    "tn": 267,
    "fp": 230,
    "fn": 24,
    "tp": 192,
    "threshold": 0.5
}