{
    "accuracy": 0.5357643758765779,
    "pod_recall": 0.9537037037037037,
    "far": 0.6091081593927894,
    "f1_score": 0.5545087483176312,
    "csi": 0.38361266294227186,
    "auc": 0.7426037707727848,
    "tn": 176,
    "fp": 321,
    "fn": 10,
    "tp": 206,
    "threshold": 0.5,
    "model": "cnn1d_w7",
    "split": "val"
}