{
    "accuracy": 0.6889250814332247,
    "pod_recall": 0.7908745247148289,
    "far": 0.3953488372093023,
    "f1_score": 0.685337726523888,
    "auc": 0.7554840596665692,
    "tn": 215,
    "fp": 136,
    "fn": 55,
    "tp": 208,
    "threshold": 0.5
}