{
    "accuracy": 0.6074918566775245,
    "pod_recall": 0.8973384030418251,
    "far": 0.47555555555555556,
    "f1_score": 0.6619915848527349,
    "csi": 0.4947589098532495,
    "auc": 0.7436330744315535,
    "tn": 137,
    "fp": 214,
    "fn": 27,
    "tp": 236,
    "threshold": 0.5,
    "model": "cnn1d_w7",
    "split": "test"
}