{
    "accuracy": 0.7194950911640954,
    "pod_recall": 0.7129629629629629,
    "far": 0.4726027397260274,
    "f1_score": 0.6062992125984252,
    "csi": 0.4350282485875706,
    "auc": 0.7756818689917282,
    "tn": 359,
    "fp": 138,
    "fn": 62,
    "tp": 154,
    "threshold": 0.5,
    "model": "cnn1d_w3",
    "split": "val"
}