{
    "accuracy": 0.7019543973941368,
    "pod_recall": 0.6197718631178707,
    "far": 0.33739837398373984,
    "f1_score": 0.6404715127701375,
    "auc": 0.7777398632911942,
    "tn": 268,
    "fp": 83,
    "fn": 100,
    "tp": 163,
    "threshold": 0.5
}