{
    "accuracy": 0.7166900420757363,
    "pod_recall": 0.6990740740740741,
    "far": 0.4756944444444444,
    "f1_score": 0.5992063492063492,
    "auc": 0.7753930993367614,
    "tn": 360,
    "fp": 137,
    "fn": 65,
    "tp": 151,
    "threshold": 0.5
}