accuracy,pod_recall,far,f1_score,csi,auc,tn,fp,fn,tp,threshold,model,split
0.6986970684039088,0.7338403041825095,0.37337662337662336,0.6760070052539404,0.5105820105820106,0.7621570093052983,236,115,70,193,0.5,tcn_w7,test
0.6074918566775245,0.8973384030418251,0.47555555555555556,0.6619915848527349,0.4947589098532495,0.7436330744315535,137,214,27,236,0.5,cnn1d_w7,test
0.7019543973941368,0.623574144486692,0.3387096774193548,0.6418786692759295,0.47262247838616717,0.761409552284077,267,84,99,164,0.5,tcn_w5,test
0.6938110749185668,0.6349809885931559,0.3552123552123552,0.6398467432950191,0.4704225352112676,0.7607704223673805,259,92,96,167,0.5,tcn_w3,test
0.6824104234527687,0.6121673003802282,0.3661417322834646,0.6228239845261122,0.45224719101123595,0.737490927604996,258,93,102,161,0.5,cnn1d_w5,test
0.6791530944625407,0.532319391634981,0.34579439252336447,0.5870020964360587,0.41543026706231456,0.7480636530066187,277,74,123,140,0.5,cnn1d_w3,test
