accuracy,pod_recall,far,f1_score,csi,auc,tn,fp,fn,tp,threshold,model,split
0.7194950911640954,0.7129629629629629,0.4726027397260274,0.6062992125984252,0.4350282485875706,0.7756818689917282,359,138,62,154,0.5,cnn1d_w3,val
0.6732117812061711,0.7685185185185185,0.5243553008595988,0.5876106194690266,0.41604010025062654,0.7575266413294582,314,183,50,166,0.5,tcn_w3,val
0.6760168302945302,0.6944444444444444,0.5238095238095238,0.5649717514124294,0.3937007874015748,0.7476153215589836,332,165,66,150,0.5,cnn1d_w5,val
0.7110799438990182,0.6481481481481481,0.48148148148148145,0.5761316872427984,0.4046242774566474,0.769217154780535,367,130,76,140,0.5,tcn_w5,val
0.5357643758765779,0.9537037037037037,0.6091081593927894,0.5545087483176312,0.38361266294227186,0.7426037707727848,176,321,10,206,0.5,cnn1d_w7,val
0.6619915848527349,0.7824074074074074,0.5344352617079889,0.5837651122625216,0.4121951219512195,0.7555052537446904,303,194,47,169,0.5,tcn_w7,val
