model,best_f1_threshold,best_f1_validation_f1,best_csi_threshold,best_csi_validation_csi,operational_threshold,operational_validation_pod,operational_validation_far,operational_validation_f1,operational_validation_accuracy,operational_note
1D-CNN_w3,0.39,0.6158833063209076,0.39,0.4449648711943794,0.47,0.7592592592592593,0.49226006191950467,0.608534322820037,0.7040673211781207,"Dipilih dari validation: POD >= 0.75, FAR minimum"
1D-CNN_w5,0.39,0.6012461059190031,0.39,0.4298440979955457,0.45,0.7777777777777778,0.5409836065573771,0.5773195876288659,0.6549789621318373,"Dipilih dari validation: POD >= 0.75, FAR minimum"
1D-CNN_w7,0.61,0.5851239669421487,0.61,0.4135514018691589,0.63,0.7592592592592593,0.5314285714285715,0.5795053003533569,0.6661991584852734,"Dipilih dari validation: POD >= 0.75, FAR minimum"
TCN_w3,0.42,0.609271523178808,0.42,0.4380952380952381,0.49,0.7870370370370371,0.519774011299435,0.5964912280701754,0.6774193548387096,"Dipilih dari validation: POD >= 0.75, FAR minimum"
TCN_w5,0.4,0.6095551894563427,0.4,0.43838862559241704,0.45,0.7685185185185185,0.5044776119402985,0.6025408348457351,0.6928471248246845,"Dipilih dari validation: POD >= 0.75, FAR minimum"
TCN_w7,0.53,0.5860805860805861,0.53,0.41450777202072536,0.51,0.7546296296296297,0.5302593659942363,0.5790408525754884,0.667601683029453,"Dipilih dari validation: POD >= 0.75, FAR minimum"
