{
    "accuracy": 0.6986970684039088,
    "pod_recall": 0.7338403041825095,
    "far": 0.37337662337662336,
    "f1_score": 0.6760070052539404,
    "csi": 0.5105820105820106,
    "auc": 0.7621570093052983,
    "tn": 236,
    "fp": 115,
    "fn": 70,
    "tp": 193,
    "threshold": 0.5,
    "model": "tcn_w7",
    "split": "test"
}