{
    "accuracy": 0.6732117812061711,
    "pod_recall": 0.7685185185185185,
    "far": 0.5243553008595988,
    "f1_score": 0.5876106194690266,
    "csi": 0.41604010025062654,
    "auc": 0.7575266413294582,
    "tn": 314,
    "fp": 183,
    "fn": 50,
    "tp": 166,
    "threshold": 0.5,
    "model": "tcn_w3",
    "split": "val"
}