{
    "accuracy": 0.7110799438990182,
    "pod_recall": 0.6481481481481481,
    "far": 0.48148148148148145,
    "f1_score": 0.5761316872427984,
    "csi": 0.4046242774566474,
    "auc": 0.769217154780535,
    "tn": 367,
    "fp": 130,
    "fn": 76,
    "tp": 140,
    "threshold": 0.5,
    "model": "tcn_w5",
    "split": "val"
}