{
    "accuracy": 0.6591865357643759,
    "pod_recall": 0.8657407407407407,
    "far": 0.5336658354114713,
    "f1_score": 0.6061588330632091,
    "auc": 0.7617650346523586,
    "tn": 283,
    "fp": 214,
    "fn": 29,
    "tp": 187,
    "threshold": 0.5
}