{
    "accuracy": 0.6619915848527349,
    "pod_recall": 0.7824074074074074,
    "far": 0.5344352617079889,
    "f1_score": 0.5837651122625216,
    "csi": 0.4121951219512195,
    "auc": 0.7555052537446904,
    "tn": 303,
    "fp": 194,
    "fn": 47,
    "tp": 169,
    "threshold": 0.5,
    "model": "tcn_w7",
    "split": "val"
}