{
    "accuracy": 0.7019543973941368,
    "pod_recall": 0.623574144486692,
    "far": 0.3387096774193548,
    "f1_score": 0.6418786692759295,
    "csi": 0.47262247838616717,
    "auc": 0.761409552284077,
    "tn": 267,
    "fp": 84,
    "fn": 99,
    "tp": 164,
    "threshold": 0.5,
    "model": "tcn_w5",
    "split": "test"
}