{
    "accuracy": 0.6938110749185668,
    "pod_recall": 0.6349809885931559,
    "far": 0.3552123552123552,
    "f1_score": 0.6398467432950191,
    "csi": 0.4704225352112676,
    "auc": 0.7607704223673805,
    "tn": 259,
    "fp": 92,
    "fn": 96,
    "tp": 167,
    "threshold": 0.5,
    "model": "tcn_w3",
    "split": "test"
}