{
    "accuracy": 0.6872964169381107,
    "pod_recall": 0.7566539923954373,
    "far": 0.39143730886850153,
    "f1_score": 0.6745762711864407,
    "auc": 0.7648868523393239,
    "tn": 223,
    "fp": 128,
    "fn": 64,
    "tp": 199,
    "threshold": 0.5
}